﻿<LibraryDocument xmlns:xsi="http://www.w3.org/2001/XMLSchema-instance" xmlns:xsd="http://www.w3.org/2001/XMLSchema">
  <Properties>
    <Property Name="AUTHORING_SCOPE" Value="ScopeId_A9257DE5-97FC-4CAC-A4C1-B3BA341248FC" />
  </Properties>
  <Contents>
    <Content UniqueId="9e21a242-a1fb-411a-8a0f-0a5b42e3304f" Hash="" Description="Software Framework" RelativePath="Software Framework" FullPath="C:\Users\admniceri\Documents\HPIA-2.0-2022-03-24_files\Software Framework\" SingleFile="false" StorageType="" FullOwnership="true" OriginalPath="\\sccm\sources$\Applications\Hardware\Hewlett-Packard\HP Software Framework\" OriginalStorage="" />
  </Contents>
  <EntryObjects>
    <Object Path="SMS_Package.PackageID='CM100463'" Type="SMS_Package" />
    <Object Path="SMS_TaskSequencePackage.PackageID='CM10052E'" Type="SMS_TaskSequencePackage" />
  </EntryObjects>
</LibraryDocument>